Tenor,Detachment,Correlation
3.0,0.03,0.12609607607594875
5.0,0.03,0.26802852477593225
5.0,0.07,0.3910134593227837
5.0,0.1,0.4241776455114296
5.0,0.15,0.5097807651776766
7.0,0.03,0.278707066331293
7.0,0.07,0.43732638983474814
7.0,0.1,0.5111693580621648
7.0,0.15,0.59388516563112
10.0,0.03,0.27445758992350466
10.0,0.07,0.5041911057741828
10.0,0.1,0.5774062862411056
10.0,0.15,0.6664001390867792
