Tenor,Beta
1,0.6842132661590853
2,0.762200163037247
3,0.8165088287827497
5,0.9031920422961571
7,0.8765682757290961
10,0.9130899746446496
