Tenor,DF
1,0.9652800620575496
2,0.9359436568401297
3,0.9064222698583998
5,0.8461023039771649
7,0.7847398636538075
10,0.6946619184813093
