Tenor,Survival
1,0.9972620881619696
2,0.991699004659055
3,0.9828159908780679
5,0.9540956887778737
7,0.9131172601191484
10,0.8453611642857783
